#,Handle,Product Name,Category,Design,Sale Price,Compare Price,Stock
1,nightrosary-wallet-skull-a-palooza,"""Nightrosary"" Wallet",Wallet,Nightrosary,13.95,49.95,644
2,nightrosary-mini-satchel-skull-a-palooza,"""Nightrosary"" Mini Satchel",Mini Satchel,Nightrosary,29.95,109.95,86
3,nightrosary-circle-crossbody-bag-skull-a-palooza,"""Nightrosary"" Circle Crossbody Bag",Circle Bag,Nightrosary,29.95,109.95,64
4,la-roja-wallet-skull-a-palooza,"""La Roja"" Wallet",Wallet,La Roja,9.95,49.95,2255
5,noxaria-eclipse-makeup-bag-skull-a-palooza,"""Noxaria"" Eclipse Makeup Bag",Makeup Bag,Noxaria,9.95,39.95,538
6,la-roja-mini-satchel-skull-a-palooza,"""La Roja"" Mini Satchel",Mini Satchel,La Roja,29.95,109.95,120
7,la-roja-circle-crossbody-bag-skull-a-palooza,"""La Roja"" Circle Crossbody Bag",Circle Bag,La Roja,29.95,109.95,175
8,bloodrose-poison-ivy-wallet-skull-a-palooza,"""Bloodrose"" Poison Ivy Wallet",Wallet,"Bloodrose"" Poison Ivy",12.95,49.95,1767
9,bloodrose-poison-ivy-mini-satchel-skull-a-palooza,"""Bloodrose"" Poison Ivy Mini Satchel",Mini Satchel,"Bloodrose"" Poison Ivy",29.95,109.95,176
10,bloodrose-poison-ivy-circle-crossbody-bag-skull-a-palooza,"""Bloodrose"" Poison Ivy Circle Crossbody Bag",Circle Bag,"Bloodrose"" Poison Ivy",29.95,109.95,196
11,noxaria-wallet-skull-a-palooza,"""Noxaria"" Wallet",Wallet,Noxaria,11.95,49.95,3372
12,noxaria-mini-satchel-skull-a-palooza,"""Noxaria"" Mini Satchel",Mini Satchel,Noxaria,29.95,109.95,153
13,noxaria-circle-crossbody-bag-skull-a-palooza,"""Noxaria"" Circle Crossbody Bag",Circle Bag,Noxaria,29.95,109.95,162
14,heliovoid-wallet-skull-a-palooza,"""Heliovoid"" Wallet",Wallet,Heliovoid,12.95,49.95,466
15,heliovoid-mini-satchel-skull-a-palooza,"""Heliovoid"" Mini Satchel",Mini Satchel,Heliovoid,29.95,109.95,41
16,heliovoid-circle-crossbody-bag-skull-a-palooza,"""Heliovoid"" Circle Crossbody Bag",Circle Bag,Heliovoid,29.95,109.95,45
17,rosethorn-wallet-skull-a-palooza,"""Rosethorn"" Wallet",Wallet,Rosethorn,13.95,49.95,648
18,rosethorn-mini-satchel-skull-a-palooza,"""Rosethorn"" Mini Satchel",Mini Satchel,Rosethorn,29.95,109.95,85
19,rosethorn-circle-crossbody-bag-skull-a-palooza,"""Rosethorn"" Circle Crossbody Bag",Circle Bag,Rosethorn,29.95,109.95,71
20,frostmourne-wallet-skull-a-palooza,"""Frostmourne"" Wallet",Wallet,Frostmourne,9.95,49.95,2339
21,frostmourne-mini-satchel-skull-a-palooza,"""Frostmourne"" Mini Satchel",Mini Satchel,Frostmourne,29.95,109.95,68
22,frostmourne-circle-crossbody-bag-skull-a-palooza,"""Frostmourne"" Circle Crossbody Bag",Circle Bag,Frostmourne,29.95,109.95,173
23,triskelion-wallet-skull-a-palooza,"""Triskelion"" Wallet",Wallet,Triskelion,13.95,49.95,646
24,triskelion-mini-satchel-skull-a-palooza,"""Triskelion"" Mini Satchel",Mini Satchel,Triskelion,29.95,109.95,88
25,triskelion-circle-crossbody-bag-skull-a-palooza,"""Triskelion"" Circle Crossbody Bag",Circle Bag,Triskelion,29.95,109.95,72
26,morthwing-wallet-skull-a-palooza,"""Morthwing"" Wallet",Wallet,Morthwing,11.95,49.95,269
27,altarhorn-wallet-skull-a-palooza,"""Altarhorn"" Wallet",Wallet,Altarhorn,13.95,49.95,660
28,altarhorn-mini-satchel-skull-a-palooza,"""Altarhorn"" Mini Satchel",Mini Satchel,Altarhorn,35.95,109.95,87
29,altarhorn-circle-crossbody-bag-skull-a-palooza,"""Altarhorn"" Circle Crossbody Bag",Circle Bag,Altarhorn,29.95,109.95,67
30,lunacat-wallet-skull-a-palooza,"""Lunacat"" Wallet",Wallet,Lunacat,11.95,49.95,2702
31,lunacat-mini-satchel-skull-a-palooza,"""Lunacat"" Mini Satchel",Mini Satchel,Lunacat,31.95,109.95,110
32,lunacat-circle-crossbody-bag-skull-a-palooza,"""Lunacat"" Circle Crossbody Bag",Circle Bag,Lunacat,29.95,109.95,153
33,noctaflora-wallet-skull-a-palooza,"""Noctaflora"" Wallet",Wallet,Noctaflora,11.95,49.95,4956
34,noctaflora-mini-satchel-skull-a-palooza,"""Noctaflora"" Mini Satchel",Mini Satchel,Noctaflora,31.95,109.95,95
35,noctaflora-circle-crossbody-bag-skull-a-palooza,"""Noctaflora"" Circle Crossbody Bag",Circle Bag,Noctaflora,39.95,109.95,315
36,wraithbone-wallet-skull-a-palooza,"""Wraithbone"" Wallet",Wallet,Wraithbone,12.95,49.95,322
37,blacklitany-wallet-skull-a-palooza,"""Blacklitany"" Wallet",Wallet,Blacklitany,13.95,49.95,539
38,blacklitany-mini-satchel-skull-a-palooza,"""Blacklitany"" Mini Satchel",Mini Satchel,Blacklitany,29.95,109.95,54
39,blacklitany-circle-crossbody-bag-skull-a-palooza,"""Blacklitany"" Circle Crossbody Bag",Circle Bag,Blacklitany,29.95,109.95,65
40,bloodrose-poison-plum-wallet-skull-a-palooza,"""Bloodrose"" Poison Plum Wallet",Wallet,"Bloodrose"" Poison Plum",12.95,49.95,3728
41,bloodrose-poison-plum-mini-satchel-skull-a-palooza,"""Bloodrose"" Poison Plum Mini Satchel",Mini Satchel,"Bloodrose"" Poison Plum",29.95,109.95,163
42,bloodrose-poison-plum-circle-crossbody-bag-skull-a-palooza,"""Bloodrose"" Poison Plum Circle Crossbody Bag",Circle Bag,"Bloodrose"" Poison Plum",29.95,109.95,185
43,venomina-wallet-skull-a-palooza,"""Venomina"" Wallet",Wallet,Venomina,11.95,49.95,1965
44,venomina-mini-satchel-skull-a-palooza,"""Venomina"" Mini Satchel",Mini Satchel,Venomina,29.95,109.95,125
45,venomina-circle-crossbody-bag-skull-a-palooza,"""Venomina"" Circle Crossbody Bag",Circle Bag,Venomina,31.95,109.95,147
46,moonreaver-wallet-skull-a-palooza,"""Moonreaver"" Wallet",Wallet,Moonreaver,12.95,49.95,486
47,moonreaver-mini-satchel-skull-a-palooza,"""Moonreaver"" Mini Satchel",Mini Satchel,Moonreaver,39.95,109.95,47
48,moonreaver-circle-crossbody-bag-skull-a-palooza,"""Moonreaver"" Circle Crossbody Bag",Circle Bag,Moonreaver,37.95,109.95,50
49,nyxrose-wallet-skull-a-palooza,"""Nyxrose"" Wallet",Wallet,Nyxrose,12.95,49.95,806
50,nyxrose-mini-satchel-skull-a-palooza,"""Nyxrose"" Mini Satchel",Mini Satchel,Nyxrose,29.95,109.95,60
51,nyxrose-circle-crossbody-bag-skull-a-palooza,"""Nyxrose"" Circle Crossbody Bag",Circle Bag,Nyxrose,35.95,109.95,146
52,dustveil-wallet-skull-a-palooza,"""Dustveil"" Wallet",Wallet,Dustveil,11.95,49.95,480
53,corvexia-wallet-skull-a-palooza,"""Corvexia"" Wallet",Wallet,Corvexia,13.95,49.95,552
54,corvexia-mini-satchel-skull-a-palooza,"""Corvexia"" Mini Satchel",Mini Satchel,Corvexia,29.95,109.95,73
55,corvexia-circle-crossbody-bag-skull-a-palooza,"""Corvexia"" Circle Crossbody Bag",Circle Bag,Corvexia,29.95,109.95,58
56,obscuria-wallet-skull-a-palooza,"""Obscuria"" Wallet",Wallet,Obscuria,11.95,49.95,2037
57,obscuria-mini-satchel-skull-a-palooza,"""Obscuria"" Mini Satchel",Mini Satchel,Obscuria,29.95,109.95,110
58,obscuria-circle-crossbody-bag-skull-a-palooza,"""Obscuria"" Circle Crossbody Bag",Circle Bag,Obscuria,29.95,109.95,183
59,hexram-wallet-skull-a-palooza,"""Hexram"" Wallet",Wallet,Hexram,13.95,49.95,666
60,hexram-mini-satchel-skull-a-palooza,"""Hexram"" Mini Satchel",Mini Satchel,Hexram,29.95,109.95,88
61,hexram-circle-crossbody-bag-skull-a-palooza,"""Hexram"" Circle Crossbody Bag",Circle Bag,Hexram,29.95,109.95,69
62,roselace-wallet-skull-a-palooza,"""Roselace"" Wallet",Wallet,Roselace,9.95,49.95,2510
63,roselace-mini-satchel-skull-a-palooza,"""Roselace"" Mini Satchel",Mini Satchel,Roselace,37.95,109.95,62
64,roselace-circle-crossbody-bag-skull-a-palooza,"""Roselace"" Circle Crossbody Bag",Circle Bag,Roselace,33.95,109.95,159
65,thornfall-wallet-skull-a-palooza,"""Thornfall"" Wallet",Wallet,Thornfall,13.95,49.95,624
66,thornfall-mini-satchel-skull-a-palooza,"""Thornfall"" Mini Satchel",Mini Satchel,Thornfall,29.95,109.95,82
67,thornfall-circle-crossbody-bag-skull-a-palooza,"""Thornfall"" Circle Crossbody Bag",Circle Bag,Thornfall,29.95,109.95,65
68,mournaire-wallet-skull-a-palooza,"""Mournaire"" Wallet",Wallet,Mournaire,9.95,49.95,1969
69,mournaire-mini-satchel-skull-a-palooza,"""Mournaire"" Mini Satchel",Mini Satchel,Mournaire,33.95,109.95,86
70,mournaire-circle-crossbody-bag-skull-a-palooza,"""Mournaire"" Circle Crossbody Bag",Circle Bag,Mournaire,29.95,109.95,173
71,deathmark-wallet-skull-a-palooza,"""Deathmark"" Wallet",Wallet,Deathmark,9.95,49.95,2405
72,deathmark-mini-satchel-skull-a-palooza,"""Deathmark"" Mini Satchel",Mini Satchel,Deathmark,35.95,109.95,65
73,deathmark-circle-crossbody-bag-skull-a-palooza,"""Deathmark"" Circle Crossbody Bag",Circle Bag,Deathmark,37.95,109.95,169
74,bloodrose-wallet-skull-a-palooza,"""Bloodrose"" Wallet",Wallet,Bloodrose,11.95,49.95,5618
75,bloodrose-mini-satchel-skull-a-palooza,"""Bloodrose"" Mini Satchel",Mini Satchel,Bloodrose,29.95,109.95,331
76,bloodrose-circle-crossbody-bag-skull-a-palooza,"""Bloodrose"" Circle Crossbody Bag",Circle Bag,Bloodrose,37.95,109.95,429
77,grimcrown-wallet-skull-a-palooza,"""Grimcrown"" Wallet",Wallet,Grimcrown,13.95,49.95,678
78,grimcrown-mini-satchel-skull-a-palooza,"""Grimcrown"" Mini Satchel",Mini Satchel,Grimcrown,29.95,109.95,88
79,grimcrown-circle-crossbody-bag-skull-a-palooza,"""Grimcrown"" Circle Crossbody Bag",Circle Bag,Grimcrown,29.95,109.95,69
80,catrinelle-wallet-skull-a-palooza,"""Catrinelle"" Wallet",Wallet,Catrinelle,11.95,49.95,2142
81,catrinelle-circle-crossbody-bag-skull-a-palooza,"""Catrinelle"" Circle Crossbody Bag",Circle Bag,Catrinelle,29.95,109.95,94
82,bloodraven-wallet-skull-a-palooza,"""Bloodraven"" Wallet",Wallet,Bloodraven,12.95,49.95,407
83,bloodraven-mini-satchel-skull-a-palooza,"""Bloodraven"" Mini Satchel",Mini Satchel,Bloodraven,39.95,109.95,12
84,bloodraven-circle-crossbody-bag-skull-a-palooza,"""Bloodraven"" Circle Crossbody Bag",Circle Bag,Bloodraven,39.95,109.95,27
85,gravebloom-wallet-skull-a-palooza,"""Gravebloom"" Wallet",Wallet,Gravebloom,12.95,49.95,506
86,gravebloom-mini-satchel-skull-a-palooza,"""Gravebloom"" Mini Satchel",Mini Satchel,Gravebloom,29.95,109.95,80
87,gravebloom-circle-crossbody-bag-skull-a-palooza,"""Gravebloom"" Circle Crossbody Bag",Circle Bag,Gravebloom,29.95,109.95,65
88,rosethorn-black-interior-small-leather-handbag-skull-a-palooza,"""Rosethorn"" - Black Interior - Small Leather Handbag",Small Leather Bag,Rosethorn,29.95,131.95,0
89,rosethorn-mini-wallet-skull-a-palooza,"""Rosethorn"" Mini Wallet",Mini Wallet,Rosethorn,12.95,39.95,176
90,venomina-black-interior-small-leather-handbag-skull-a-palooza,"""Venomina"" - Black Interior - Small Leather Handbag",Small Leather Bag,Venomina,31.95,131.95,59
91,venomina-mini-wallet-skull-a-palooza,"""Venomina"" Mini Wallet",Mini Wallet,Venomina,11.95,39.95,399
92,green-skull-scarlet-bloom-small-leather-bag-skull-a-palooza,"""Bloodrose"" Poison Ivy - Black Interior - Small Leather Handbag",Small Leather Bag,"Bloodrose"" Poison Ivy",29.95,131.95,34
93,bloodrose-poison-ivy-mini-wallet-skull-a-palooza,"""Bloodrose"" Poison Ivy Mini Wallet",Mini Wallet,"Bloodrose"" Poison Ivy",9.95,39.95,446
94,noxaria-black-interior-small-leather-handbag-skull-a-palooza,"""Noxaria"" - Black Interior - Small Leather Handbag",Small Leather Bag,Noxaria,35.95,131.95,54
95,noxaria-mini-wallet-skull-a-palooza,"""Noxaria"" Mini Wallet",Mini Wallet,Noxaria,11.95,39.95,424
96,la-roja-small-leather-bag-skull-a-palooza,"""La Roja"" Small Leather Bag",Small Leather Bag,La Roja,29.95,131.95,60
97,la-roja-mini-wallet-skull-a-palooza,"""La Roja"" Mini Wallet",Mini Wallet,La Roja,9.95,39.95,491
98,lunacat-mini-wallet-skull-a-palooza,"""Lunacat"" Mini Wallet",Mini Wallet,Lunacat,9.95,39.95,386
99,frostmourne-small-leather-bag-skull-a-palooza,"""Frostmourne"" Small Leather Bag",Small Leather Bag,Frostmourne,33.95,131.95,78
100,frostmourne-mini-wallet-skull-a-palooza,"""Frostmourne"" Mini Wallet",Mini Wallet,Frostmourne,9.95,39.95,470
101,deathmark-small-leather-bag-skull-a-palooza,"""Deathmark"" Small Leather Bag",Small Leather Bag,Deathmark,29.95,131.95,184
102,deathmark-mini-wallet-skull-a-palooza,"""Deathmark"" Mini Wallet",Mini Wallet,Deathmark,9.95,39.95,473
103,corvexia-mini-wallet-skull-a-palooza,"""Corvexia"" Mini Wallet",Mini Wallet,Corvexia,12.95,39.95,149
104,nyxrose-mini-wallet-skull-a-palooza,"""Nyxrose"" Mini Wallet",Mini Wallet,Nyxrose,9.95,39.95,191
105,dustveil-small-leather-bag-skull-a-palooza,"""Dustveil"" Small Leather Bag",Small Leather Bag,Dustveil,29.95,131.95,0
106,morthwing-black-interior-small-leather-handbag-skull-a-palooza,"""Morthwing"" - Black Interior - Small Leather Handbag",Small Leather Bag,Morthwing,9.95,131.95,0
107,gravebloom-mini-wallet-skull-a-palooza,"""Gravebloom"" Mini Wallet",Mini Wallet,Gravebloom,12.95,39.95,151
108,grimcrown-black-interior-small-leather-handbag-skull-a-palooza,"""Grimcrown"" - Black Interior - Small Leather Handbag",Small Leather Bag,Grimcrown,29.95,131.95,0
109,grimcrown-mini-wallet-skull-a-palooza,"""Grimcrown"" Mini Wallet",Mini Wallet,Grimcrown,14.95,39.95,176
110,noctaflora-small-leather-bag-skull-a-palooza,"""Noctaflora"" - Black Interior - Small Leather Handbag",Small Leather Bag,Noctaflora,29.95,131.95,748
111,noctaflora-mini-wallet-skull-a-palooza,"""Noctaflora"" Mini Wallet",Mini Wallet,Noctaflora,9.95,39.95,1094
112,roselace-small-leather-bag-skull-a-palooza,"""Roselace"" Small Leather Bag",Small Leather Bag,Roselace,29.95,131.95,58
113,roselace-mini-wallet-skull-a-palooza,"""Roselace"" Mini Wallet",Mini Wallet,Roselace,9.95,39.95,377
114,nightrosary-black-interior-small-leather-handbag-skull-a-palooza,"""Nightrosary"" - Black Interior - Small Leather Handbag",Small Leather Bag,Nightrosary,9.95,131.95,0
115,nightrosary-mini-wallet-skull-a-palooza,"""Nightrosary"" Mini Wallet",Mini Wallet,Nightrosary,14.95,39.95,169
116,hexram-black-interior-small-leather-handbag-skull-a-palooza,"""Hexram"" - Black Interior - Small Leather Handbag",Small Leather Bag,Hexram,29.95,131.95,1
117,hexram-mini-wallet-skull-a-palooza,"""Hexram"" Mini Wallet",Mini Wallet,Hexram,14.95,39.95,175
118,heliovoid-mini-wallet-skull-a-palooza,"""Heliovoid"" Mini Wallet",Mini Wallet,Heliovoid,13.95,39.95,109
119,catrinelle-small-leather-bag-skull-a-palooza,"""Catrinelle"" Small Leather Bag",Small Leather Bag,Catrinelle,29.95,131.95,84
120,catrinelle-mini-wallet-skull-a-palooza,"""Catrinelle"" Mini Wallet",Mini Wallet,Catrinelle,9.95,39.95,446
121,obscuria-small-leather-bag-skull-a-palooza,"""Obscuria"" - Black Interior - Small Leather Handbag",Small Leather Bag,Obscuria,29.95,131.95,175
122,obscuria-mini-wallet-skull-a-palooza,"""Obscuria"" Mini Wallet",Mini Wallet,Obscuria,11.95,39.95,401
123,triskelion-black-interior-small-leather-handbag-skull-a-palooza,"""Triskelion"" - Black Interior - Small Leather Handbag",Small Leather Bag,Triskelion,9.95,131.95,0
124,triskelion-mini-wallet-skull-a-palooza,"""Triskelion"" Mini Wallet",Mini Wallet,Triskelion,14.95,39.95,178
125,moonreaver-mini-wallet-skull-a-palooza,"""Moonreaver"" Mini Wallet",Mini Wallet,Moonreaver,12.95,39.95,120
126,wraithbone-black-interior-small-leather-handbag-skull-a-palooza,"""Wraithbone"" - Black Interior - Small Leather Handbag",Small Leather Bag,Wraithbone,9.95,131.95,0
127,purple-skull-scarlet-bloom-small-leather-bag-skull-a-palooza,"""Bloodrose"" Poison Plum Small Leather Bag",Small Leather Bag,"Bloodrose"" Poison Plum",29.95,131.95,0
128,bloodrose-poison-plum-mini-wallet-skull-a-palooza,"""Bloodrose"" Poison Plum Mini Wallet",Mini Wallet,"Bloodrose"" Poison Plum",9.95,39.95,462
129,mournaire-small-leather-bag-skull-a-palooza,"""Mournaire"" - Black Interior - Small Leather Handbag",Small Leather Bag,Mournaire,29.95,131.95,0
130,mournaire-mini-wallet-skull-a-palooza,"""Mournaire"" Mini Wallet",Mini Wallet,Mournaire,9.95,39.95,418
131,blacklitany-mini-wallet-skull-a-palooza,"""Blacklitany"" Mini Wallet",Mini Wallet,Blacklitany,14.95,39.95,152
132,bloodraven-mini-wallet-skull-a-palooza,"""Bloodraven"" Mini Wallet",Mini Wallet,Bloodraven,13.95,39.95,86
133,thornfall-black-interior-small-leather-handbag-skull-a-palooza,"""Thornfall"" - Black Interior - Small Leather Handbag",Small Leather Bag,Thornfall,9.95,131.95,0
134,thornfall-mini-wallet-skull-a-palooza,"""Thornfall"" Mini Wallet",Mini Wallet,Thornfall,12.95,39.95,160
135,bloodrose-small-leather-bag-skull-a-palooza,"""Bloodrose"" Small Leather Bag",Small Leather Bag,Bloodrose,39.95,131.95,275
136,bloodrose-mini-wallet-skull-a-palooza,"""Bloodrose"" Mini Wallet",Mini Wallet,Bloodrose,9.95,39.95,1331
137,altarhorn-black-interior-small-leather-handbag-skull-a-palooza,"""Altarhorn"" - Black Interior - Small Leather Handbag",Small Leather Bag,Altarhorn,9.95,131.95,0
138,altarhorn-mini-wallet-skull-a-palooza,"""Altarhorn"" Mini Wallet",Mini Wallet,Altarhorn,14.95,39.95,176
