Handle,Title,Type,Tags,Option1 Name,Option1 Value,Variant Price,Variant Compare At Price
green-skull-scarlet-bloom-small-leather-bag-skull-a-palooza,"""Bloodrose"" Poison Ivy Small Leather Bag SKULL-A-PALOOZA",Small Leather Handbag SKULL-A-PALOOZA,"hide-search, recomatic-no",Material,Premium Faux Leather,29.95,131.95
mournaire-small-leather-bag-skull-a-palooza,"""Mournaire"" Small Leather Bag SKULL-A-PALOOZA",Small Leather Handbag SKULL-A-PALOOZA,"hide-search, recomatic-no",Material,Premium Faux Leather,29.95,131.95
thornfall-black-interior-small-leather-handbag-skull-a-palooza,"""Thornfall"" - Black Interior - Small Leather Handbag SKULL-A-PALOOZA",Black Interior - Small Leather Handbag SKULL-A-PALOOZA,"hide-search, recomatic-no",Material,Premium Vegan Leather,9.95,131.95
grimcrown-black-interior-small-leather-handbag-skull-a-palooza,"""Grimcrown"" - Black Interior - Small Leather Handbag SKULL-A-PALOOZA",Black Interior - Small Leather Handbag SKULL-A-PALOOZA,"hide-search, recomatic-no",Material,Premium Vegan Leather,29.95,131.95
rosethorn-black-interior-small-leather-handbag-skull-a-palooza,"""Rosethorn"" - Black Interior - Small Leather Handbag SKULL-A-PALOOZA",Black Interior - Small Leather Handbag SKULL-A-PALOOZA,"hide-search, recomatic-no",Material,Premium Vegan Leather,29.95,131.95
nightrosary-black-interior-small-leather-handbag-skull-a-palooza,"""Nightrosary"" - Black Interior - Small Leather Handbag SKULL-A-PALOOZA",Black Interior - Small Leather Handbag SKULL-A-PALOOZA,"hide-search, recomatic-no",Material,Premium Vegan Leather,9.95,131.95
bloodraven-mini-satchel-skull-a-palooza,"""Bloodraven"" Mini Satchel SKULL-A-PALOOZA",Mini Satchel SKULL-A-PALOOZA,"hide-search, recomatic-no",Material,Premium Vegan Leather,39.95,109.95
dustveil-small-leather-bag-skull-a-palooza,"""Dustveil"" Small Leather Bag SKULL-A-PALOOZA",Small Leather Handbag SKULL-A-PALOOZA,"hide-search, recomatic-no",Material,Premium Faux Leather,29.95,131.95
bloodraven-circle-crossbody-bag-skull-a-palooza,"""Bloodraven"" Circle Crossbody Bag SKULL-A-PALOOZA",Circle Crossbody Bag SKULL-A-PALOOZA,"hide-search, recomatic-no",Material,Premium Vegan Leather,39.95,109.95
heliovoid-circle-crossbody-bag-skull-a-palooza,"""Heliovoid"" Circle Crossbody Bag SKULL-A-PALOOZA",Circle Crossbody Bag SKULL-A-PALOOZA,"hide-search, recomatic-no",Material,Premium Vegan Leather,29.95,109.95
moonreaver-circle-crossbody-bag-skull-a-palooza,"""Moonreaver"" Circle Crossbody Bag SKULL-A-PALOOZA",Circle Crossbody Bag SKULL-A-PALOOZA,"hide-search, recomatic-no",Material,Premium Vegan Leather,37.95,109.95
heliovoid-mini-satchel-skull-a-palooza,"""Heliovoid"" Mini Satchel SKULL-A-PALOOZA",Mini Satchel SKULL-A-PALOOZA,"hide-search, recomatic-no",Material,Premium Vegan Leather,29.95,109.95
corvexia-circle-crossbody-bag-skull-a-palooza,"""Corvexia"" Circle Crossbody Bag SKULL-A-PALOOZA",Circle Crossbody Bag SKULL-A-PALOOZA,"hide-search, recomatic-no",Material,Premium Vegan Leather,29.95,109.95
moonreaver-mini-satchel-skull-a-palooza,"""Moonreaver"" Mini Satchel SKULL-A-PALOOZA",Mini Satchel SKULL-A-PALOOZA,"hide-search, recomatic-no",Material,Premium Vegan Leather,39.95,109.95
nightrosary-circle-crossbody-bag-skull-a-palooza,"""Nightrosary"" Circle Crossbody Bag SKULL-A-PALOOZA",Circle Crossbody Bag SKULL-A-PALOOZA,"hide-search, recomatic-no",Material,Premium Vegan Leather,29.95,109.95
gravebloom-circle-crossbody-bag-skull-a-palooza,"""Gravebloom"" Circle Crossbody Bag SKULL-A-PALOOZA",Circle Crossbody Bag SKULL-A-PALOOZA,"hide-search, recomatic-no",Material,Premium Vegan Leather,29.95,109.95
blacklitany-mini-satchel-skull-a-palooza,"""Blacklitany"" Mini Satchel SKULL-A-PALOOZA",Mini Satchel SKULL-A-PALOOZA,"hide-search, recomatic-no",Material,Premium Vegan Leather,29.95,109.95
blacklitany-circle-crossbody-bag-skull-a-palooza,"""Blacklitany"" Circle Crossbody Bag SKULL-A-PALOOZA",Circle Crossbody Bag SKULL-A-PALOOZA,"hide-search, recomatic-no",Material,Premium Vegan Leather,29.95,109.95
roselace-mini-satchel-skull-a-palooza,"""Roselace"" Mini Satchel SKULL-A-PALOOZA",Mini Satchel SKULL-A-PALOOZA,"hide-search, recomatic-no",Material,Premium Vegan Leather,37.95,109.95
thornfall-circle-crossbody-bag-skull-a-palooza,"""Thornfall"" Circle Crossbody Bag SKULL-A-PALOOZA",Circle Crossbody Bag SKULL-A-PALOOZA,"hide-search, recomatic-no",Material,Premium Vegan Leather,29.95,109.95
deathmark-mini-satchel-skull-a-palooza,"""Deathmark"" Mini Satchel SKULL-A-PALOOZA",Mini Satchel SKULL-A-PALOOZA,"hide-search, recomatic-no",Material,Premium Vegan Leather,35.95,109.95
nyxrose-mini-satchel-skull-a-palooza,"""Nyxrose"" Mini Satchel SKULL-A-PALOOZA",Mini Satchel SKULL-A-PALOOZA,"hide-search, recomatic-no",Material,Premium Vegan Leather,29.95,109.95
frostmourne-mini-satchel-skull-a-palooza,"""Frostmourne"" Mini Satchel SKULL-A-PALOOZA",Mini Satchel SKULL-A-PALOOZA,"hide-search, recomatic-no",Material,Premium Vegan Leather,29.95,109.95
corvexia-mini-satchel-skull-a-palooza,"""Corvexia"" Mini Satchel SKULL-A-PALOOZA",Mini Satchel SKULL-A-PALOOZA,"hide-search, recomatic-no",Material,Premium Vegan Leather,29.95,109.95
gravebloom-mini-satchel-skull-a-palooza,"""Gravebloom"" Mini Satchel SKULL-A-PALOOZA",Mini Satchel SKULL-A-PALOOZA,"hide-search, recomatic-no",Material,Premium Vegan Leather,29.95,109.95
thornfall-mini-satchel-skull-a-palooza,"""Thornfall"" Mini Satchel SKULL-A-PALOOZA",Mini Satchel SKULL-A-PALOOZA,"hide-search, recomatic-no",Material,Premium Vegan Leather,29.95,109.95
rosethorn-mini-satchel-skull-a-palooza,"""Rosethorn"" Mini Satchel SKULL-A-PALOOZA",Mini Satchel SKULL-A-PALOOZA,"hide-search, recomatic-no",Material,Premium Vegan Leather,29.95,109.95
altarhorn-mini-satchel-skull-a-palooza,"""Altarhorn"" Mini Satchel SKULL-A-PALOOZA",Mini Satchel SKULL-A-PALOOZA,"hide-search, recomatic-no",Material,Premium Vegan Leather,35.95,109.95
nightrosary-mini-satchel-skull-a-palooza,"""Nightrosary"" Mini Satchel SKULL-A-PALOOZA",Mini Satchel SKULL-A-PALOOZA,"hide-search, recomatic-no",Material,Premium Vegan Leather,29.95,109.95
altarhorn-circle-crossbody-bag-skull-a-palooza,"""Altarhorn"" Circle Crossbody Bag SKULL-A-PALOOZA",Circle Crossbody Bag SKULL-A-PALOOZA,"hide-search, recomatic-no",Material,Premium Vegan Leather,29.95,109.95
hexram-circle-crossbody-bag-skull-a-palooza,"""Hexram"" Circle Crossbody Bag SKULL-A-PALOOZA",Circle Crossbody Bag SKULL-A-PALOOZA,"hide-search, recomatic-no",Material,Premium Vegan Leather,29.95,109.95
grimcrown-circle-crossbody-bag-skull-a-palooza,"""Grimcrown"" Circle Crossbody Bag SKULL-A-PALOOZA",Circle Crossbody Bag SKULL-A-PALOOZA,"hide-search, recomatic-no",Material,Premium Vegan Leather,29.95,109.95
rosethorn-circle-crossbody-bag-skull-a-palooza,"""Rosethorn"" Circle Crossbody Bag SKULL-A-PALOOZA",Circle Crossbody Bag SKULL-A-PALOOZA,"hide-search, recomatic-no",Material,Premium Vegan Leather,29.95,109.95
triskelion-circle-crossbody-bag-skull-a-palooza,"""Triskelion"" Circle Crossbody Bag SKULL-A-PALOOZA",Circle Crossbody Bag SKULL-A-PALOOZA,"hide-search, recomatic-no",Material,Premium Vegan Leather,29.95,109.95
catrinelle-circle-crossbody-bag-skull-a-palooza,"""Catrinelle"" Circle Crossbody Bag SKULL-A-PALOOZA",Circle Crossbody Bag SKULL-A-PALOOZA,"hide-search, recomatic-no",Material,Premium Vegan Leather,29.95,109.95
nyxrose-circle-crossbody-bag-skull-a-palooza,"""Nyxrose"" Circle Crossbody Bag SKULL-A-PALOOZA",Circle Crossbody Bag SKULL-A-PALOOZA,"hide-search, recomatic-no",Material,Premium Vegan Leather,35.95,109.95
mournaire-mini-satchel-skull-a-palooza,"""Mournaire"" Mini Satchel SKULL-A-PALOOZA",Mini Satchel SKULL-A-PALOOZA,"hide-search, recomatic-no",Material,Premium Vegan Leather,33.95,109.95
hexram-mini-satchel-skull-a-palooza,"""Hexram"" Mini Satchel SKULL-A-PALOOZA",Mini Satchel SKULL-A-PALOOZA,"hide-search, recomatic-no",Material,Premium Vegan Leather,29.95,109.95
triskelion-mini-satchel-skull-a-palooza,"""Triskelion"" Mini Satchel SKULL-A-PALOOZA",Mini Satchel SKULL-A-PALOOZA,"hide-search, recomatic-no",Material,Premium Vegan Leather,29.95,109.95
grimcrown-mini-satchel-skull-a-palooza,"""Grimcrown"" Mini Satchel SKULL-A-PALOOZA",Mini Satchel SKULL-A-PALOOZA,"hide-search, recomatic-no",Material,Premium Vegan Leather,29.95,109.95
noctaflora-mini-satchel-skull-a-palooza,"""Noctaflora"" Mini Satchel SKULL-A-PALOOZA",Mini Satchel SKULL-A-PALOOZA,"hide-search, recomatic-no",Material,Premium Vegan Leather,31.95,109.95
obscuria-mini-satchel-skull-a-palooza,"""Obscuria"" Mini Satchel SKULL-A-PALOOZA",Mini Satchel SKULL-A-PALOOZA,"hide-search, recomatic-no",Material,Premium Vegan Leather,29.95,109.95
lunacat-mini-satchel-skull-a-palooza,"""Lunacat"" Mini Satchel SKULL-A-PALOOZA",Mini Satchel SKULL-A-PALOOZA,"hide-search, recomatic-no",Material,Premium Vegan Leather,31.95,109.95
la-roja-mini-satchel-skull-a-palooza,"""La Roja"" Mini Satchel SKULL-A-PALOOZA",Mini Satchel SKULL-A-PALOOZA,"hide-search, recomatic-no",Material,Premium Vegan Leather,29.95,109.95
venomina-mini-satchel-skull-a-palooza,"""Venomina"" Mini Satchel SKULL-A-PALOOZA",Mini Satchel SKULL-A-PALOOZA,"hide-search, recomatic-no",Material,Premium Vegan Leather,29.95,109.95
noxaria-mini-satchel-skull-a-palooza,"""Noxaria"" Mini Satchel SKULL-A-PALOOZA",Mini Satchel SKULL-A-PALOOZA,"hide-search, recomatic-no",Material,Premium Vegan Leather,29.95,109.95
bloodrose-poison-plum-mini-satchel-skull-a-palooza,"""Bloodrose"" Poison Plum Mini Satchel SKULL-A-PALOOZA",Mini Satchel SKULL-A-PALOOZA,"hide-search, recomatic-no",Material,Premium Vegan Leather,29.95,109.95
bloodrose-poison-ivy-mini-satchel-skull-a-palooza,"""Bloodrose"" Poison Ivy Mini Satchel SKULL-A-PALOOZA",Mini Satchel SKULL-A-PALOOZA,"hide-search, recomatic-no",Material,Premium Vegan Leather,29.95,109.95
bloodrose-mini-satchel-skull-a-palooza,"""Bloodrose"" Mini Satchel SKULL-A-PALOOZA",Mini Satchel SKULL-A-PALOOZA,"hide-search, recomatic-no",Material,Premium Vegan Leather,29.95,109.95
venomina-circle-crossbody-bag-skull-a-palooza,"""Venomina"" Circle Crossbody Bag SKULL-A-PALOOZA",Circle Crossbody Bag SKULL-A-PALOOZA,"hide-search, recomatic-no",Material,Premium Vegan Leather,31.95,109.95
lunacat-circle-crossbody-bag-skull-a-palooza,"""Lunacat"" Circle Crossbody Bag SKULL-A-PALOOZA",Circle Crossbody Bag SKULL-A-PALOOZA,"hide-search, recomatic-no",Material,Premium Vegan Leather,29.95,109.95
roselace-circle-crossbody-bag-skull-a-palooza,"""Roselace"" Circle Crossbody Bag SKULL-A-PALOOZA",Circle Crossbody Bag SKULL-A-PALOOZA,"hide-search, recomatic-no",Material,Premium Vegan Leather,33.95,109.95
noxaria-circle-crossbody-bag-skull-a-palooza,"""Noxaria"" Circle Crossbody Bag SKULL-A-PALOOZA",Circle Crossbody Bag SKULL-A-PALOOZA,"hide-search, recomatic-no",Material,Premium Vegan Leather,29.95,109.95
deathmark-circle-crossbody-bag-skull-a-palooza,"""Deathmark"" Circle Crossbody Bag SKULL-A-PALOOZA",Circle Crossbody Bag SKULL-A-PALOOZA,"hide-search, recomatic-no",Material,Premium Vegan Leather,37.95,109.95
frostmourne-circle-crossbody-bag-skull-a-palooza,"""Frostmourne"" Circle Crossbody Bag SKULL-A-PALOOZA",Circle Crossbody Bag SKULL-A-PALOOZA,"hide-search, recomatic-no",Material,Premium Vegan Leather,29.95,109.95
mournaire-circle-crossbody-bag-skull-a-palooza,"""Mournaire"" Circle Crossbody Bag SKULL-A-PALOOZA",Circle Crossbody Bag SKULL-A-PALOOZA,"hide-search, recomatic-no",Material,Premium Vegan Leather,29.95,109.95
la-roja-circle-crossbody-bag-skull-a-palooza,"""La Roja"" Circle Crossbody Bag SKULL-A-PALOOZA",Circle Crossbody Bag SKULL-A-PALOOZA,"hide-search, recomatic-no",Material,Premium Vegan Leather,29.95,109.95
obscuria-circle-crossbody-bag-skull-a-palooza,"""Obscuria"" Circle Crossbody Bag SKULL-A-PALOOZA",Circle Crossbody Bag SKULL-A-PALOOZA,"hide-search, recomatic-no",Material,Premium Vegan Leather,29.95,109.95
bloodrose-poison-plum-circle-crossbody-bag-skull-a-palooza,"""Bloodrose"" Poison Plum Circle Crossbody Bag SKULL-A-PALOOZA",Circle Crossbody Bag SKULL-A-PALOOZA,"hide-search, recomatic-no",Material,Premium Vegan Leather,29.95,109.95
bloodrose-poison-ivy-circle-crossbody-bag-skull-a-palooza,"""Bloodrose"" Poison Ivy Circle Crossbody Bag SKULL-A-PALOOZA",Circle Crossbody Bag SKULL-A-PALOOZA,"hide-search, recomatic-no",Material,Premium Vegan Leather,29.95,109.95
noctaflora-circle-crossbody-bag-skull-a-palooza,"""Noctaflora"" Circle Crossbody Bag SKULL-A-PALOOZA",Circle Crossbody Bag SKULL-A-PALOOZA,"hide-search, recomatic-no",Material,Premium Vegan Leather,39.95,109.95
frostmourne-wallet-skull-a-palooza,"""Frostmourne"" Wallet SKULL-A-PALOOZA",Wallet SKULL-A-PALOOZA,"hide-search, recomatic-no",Material,Premium Faux Leather,9.95,49.95
bloodrose-circle-crossbody-bag-skull-a-palooza,"""Bloodrose"" Circle Crossbody Bag SKULL-A-PALOOZA",Circle Crossbody Bag SKULL-A-PALOOZA,"hide-search, recomatic-no",Material,Premium Vegan Leather,37.95,109.95
mournaire-wallet-skull-a-palooza,"""Mournaire"" Wallet SKULL-A-PALOOZA",Wallet SKULL-A-PALOOZA,"hide-search, recomatic-no",Material,Premium Faux Leather,9.95,49.95
deathmark-wallet-skull-a-palooza,"""Deathmark"" Wallet SKULL-A-PALOOZA",Wallet SKULL-A-PALOOZA,"hide-search, recomatic-no",Material,Premium Faux Leather,9.95,49.95
roselace-wallet-skull-a-palooza,"""Roselace"" Wallet SKULL-A-PALOOZA",Wallet SKULL-A-PALOOZA,"hide-search, recomatic-no",Material,Premium Faux Leather,9.95,49.95
catrinelle-wallet-skull-a-palooza,"""Catrinelle"" Wallet SKULL-A-PALOOZA",Wallet SKULL-A-PALOOZA,"hide-search, recomatic-no",Material,Premium Faux Leather,11.95,49.95
la-roja-wallet-skull-a-palooza,"""La Roja"" Wallet SKULL-A-PALOOZA",Wallet SKULL-A-PALOOZA,"hide-search, recomatic-no",Material,Premium Faux Leather,9.95,49.95
bloodrose-wallet-skull-a-palooza,"""Bloodrose"" Wallet SKULL-A-PALOOZA",Wallet SKULL-A-PALOOZA,"hide-search, recomatic-no",Material,Premium Faux Leather,11.95,49.95
noctaflora-wallet-skull-a-palooza,"""Noctaflora"" Wallet SKULL-A-PALOOZA",Wallet SKULL-A-PALOOZA,"hide-search, recomatic-no",Material,Premium Faux Leather,11.95,49.95
deathmark-mini-wallet-skull-a-palooza,"""Deathmark"" Mini Wallet SKULL-A-PALOOZA",Mini Wallet SKULL-A-PALOOZA,"hide-search, recomatic-no",Material,Premium Vegan Leather,9.95,39.95
mournaire-mini-wallet-skull-a-palooza,"""Mournaire"" Mini Wallet SKULL-A-PALOOZA",Mini Wallet SKULL-A-PALOOZA,"hide-search, recomatic-no",Material,Premium Vegan Leather,9.95,39.95
catrinelle-mini-wallet-skull-a-palooza,"""Catrinelle"" Mini Wallet SKULL-A-PALOOZA",Mini Wallet SKULL-A-PALOOZA,"hide-search, recomatic-no",Material,Premium Vegan Leather,9.95,39.95
frostmourne-mini-wallet-skull-a-palooza,"""Frostmourne"" Mini Wallet SKULL-A-PALOOZA",Mini Wallet SKULL-A-PALOOZA,"hide-search, recomatic-no",Material,Premium Vegan Leather,9.95,39.95
roselace-mini-wallet-skull-a-palooza,"""Roselace"" Mini Wallet SKULL-A-PALOOZA",Mini Wallet SKULL-A-PALOOZA,"hide-search, recomatic-no",Material,Premium Vegan Leather,9.95,39.95
noctaflora-mini-wallet-skull-a-palooza,"""Noctaflora"" Mini Wallet SKULL-A-PALOOZA",Mini Wallet SKULL-A-PALOOZA,"hide-search, recomatic-no",Material,Premium Vegan Leather,9.95,39.95
la-roja-mini-wallet-skull-a-palooza,"""La Roja"" Mini Wallet SKULL-A-PALOOZA",Mini Wallet SKULL-A-PALOOZA,"hide-search, recomatic-no",Material,Premium Vegan Leather,9.95,39.95
bloodrose-mini-wallet-skull-a-palooza,"""Bloodrose"" Mini Wallet SKULL-A-PALOOZA",Mini Wallet SKULL-A-PALOOZA,"hide-search, recomatic-no",Material,Premium Vegan Leather,9.95,39.95
frostmourne-eclipse-makeup-bag-skull-a-palooza,"""Frostmourne"" Eclipse Makeup Bag SKULL-A-PALOOZA",Eclipse Makeup Bag SKULL-A-PALOOZA,"hide-search, recomatic-no",Material,Premium Vegan Leather,9.95,39.95
deathmark-eclipse-makeup-bag-skull-a-palooza,"""Deathmark"" Eclipse Makeup Bag SKULL-A-PALOOZA",Eclipse Makeup Bag SKULL-A-PALOOZA,"hide-search, recomatic-no",Material,Premium Vegan Leather,9.95,39.95
catrinelle-eclipse-makeup-bag-skull-a-palooza,"""Catrinelle"" Eclipse Makeup Bag SKULL-A-PALOOZA",Eclipse Makeup Bag SKULL-A-PALOOZA,"hide-search, recomatic-no",Material,Premium Vegan Leather,11.95,39.95
venomina-wallet-skull-a-palooza,"""Venomina"" Wallet SKULL-A-PALOOZA",Wallet SKULL-A-PALOOZA,"hide-search, recomatic-no",Material,Premium Faux Leather,11.95,49.95
lunacat-wallet-skull-a-palooza,"""Lunacat"" Wallet SKULL-A-PALOOZA",Wallet SKULL-A-PALOOZA,"hide-search, recomatic-no",Material,Premium Faux Leather,11.95,49.95
noxaria-wallet-skull-a-palooza,"""Noxaria"" Wallet SKULL-A-PALOOZA",Wallet SKULL-A-PALOOZA,"hide-search, recomatic-no",Material,Premium Faux Leather,11.95,49.95
dustveil-wallet-skull-a-palooza,"""Dustveil"" Wallet SKULL-A-PALOOZA",Wallet SKULL-A-PALOOZA,"hide-search, recomatic-no",Material,Premium Faux Leather,11.95,49.95
obscuria-wallet-skull-a-palooza,"""Obscuria"" Wallet SKULL-A-PALOOZA",Wallet SKULL-A-PALOOZA,"hide-search, recomatic-no",Material,Premium Faux Leather,11.95,49.95
morthwing-wallet-skull-a-palooza,"""Morthwing"" Wallet SKULL-A-PALOOZA",Wallet SKULL-A-PALOOZA,"hide-search, recomatic-no",Material,Premium Faux Leather,11.95,49.95
bloodrose-poison-ivy-wallet-skull-a-palooza,"""Bloodrose"" Poison Ivy Wallet SKULL-A-PALOOZA",Wallet SKULL-A-PALOOZA,"hide-search, recomatic-no",Material,Premium Faux Leather,12.95,49.95
wraithbone-wallet-skull-a-palooza,"""Wraithbone"" Wallet SKULL-A-PALOOZA",Wallet SKULL-A-PALOOZA,"hide-search, recomatic-no",Material,Premium Faux Leather,12.95,49.95
bloodrose-poison-plum-wallet-skull-a-palooza,"""Bloodrose"" Poison Plum Wallet SKULL-A-PALOOZA",Wallet SKULL-A-PALOOZA,"hide-search, recomatic-no",Material,Premium Faux Leather,12.95,49.95
nyxrose-wallet-skull-a-palooza,"""Nyxrose"" Wallet SKULL-A-PALOOZA",Wallet SKULL-A-PALOOZA,"hide-search, recomatic-no",Material,Premium Faux Leather,12.95,49.95
bloodrose-poison-ivy-mini-wallet-skull-a-palooza,"""Bloodrose"" Poison Ivy Mini Wallet SKULL-A-PALOOZA",Mini Wallet SKULL-A-PALOOZA,"hide-search, recomatic-no",Material,Premium Vegan Leather,9.95,39.95
bloodrose-poison-plum-mini-wallet-skull-a-palooza,"""Bloodrose"" Poison Plum Mini Wallet SKULL-A-PALOOZA",Mini Wallet SKULL-A-PALOOZA,"hide-search, recomatic-no",Material,Premium Vegan Leather,9.95,39.95
noxaria-mini-wallet-skull-a-palooza,"""Noxaria"" Mini Wallet SKULL-A-PALOOZA",Mini Wallet SKULL-A-PALOOZA,"hide-search, recomatic-no",Material,Premium Vegan Leather,11.95,39.95
lunacat-mini-wallet-skull-a-palooza,"""Lunacat"" Mini Wallet SKULL-A-PALOOZA",Mini Wallet SKULL-A-PALOOZA,"hide-search, recomatic-no",Material,Premium Vegan Leather,9.95,39.95
nyxrose-mini-wallet-skull-a-palooza,"""Nyxrose"" Mini Wallet SKULL-A-PALOOZA",Mini Wallet SKULL-A-PALOOZA,"hide-search, recomatic-no",Material,Premium Vegan Leather,9.95,39.95
obscuria-mini-wallet-skull-a-palooza,"""Obscuria"" Mini Wallet SKULL-A-PALOOZA",Mini Wallet SKULL-A-PALOOZA,"hide-search, recomatic-no",Material,Premium Vegan Leather,11.95,39.95
venomina-mini-wallet-skull-a-palooza,"""Venomina"" Mini Wallet SKULL-A-PALOOZA",Mini Wallet SKULL-A-PALOOZA,"hide-search, recomatic-no",Material,Premium Vegan Leather,11.95,39.95
bloodrose-poison-plum-eclipse-makeup-bag-skull-a-palooza,"""Bloodrose"" Poison Plum Eclipse Makeup Bag SKULL-A-PALOOZA",Eclipse Makeup Bag SKULL-A-PALOOZA,"hide-search, recomatic-no",Material,Premium Vegan Leather,11.95,39.95
lunacat-eclipse-makeup-bag-skull-a-palooza,"""Lunacat"" Eclipse Makeup Bag SKULL-A-PALOOZA",Eclipse Makeup Bag SKULL-A-PALOOZA,"hide-search, recomatic-no",Material,Premium Vegan Leather,14.95,39.95
noxaria-eclipse-makeup-bag-skull-a-palooza,"""Noxaria"" Eclipse Makeup Bag SKULL-A-PALOOZA",Eclipse Makeup Bag SKULL-A-PALOOZA,"hide-search, recomatic-no",Material,Premium Vegan Leather,9.95,39.95
heliovoid-wallet-skull-a-palooza,"""Heliovoid"" Wallet SKULL-A-PALOOZA",Wallet SKULL-A-PALOOZA,"hide-search, recomatic-no",Material,Premium Faux Leather,12.95,49.95
venomina-eclipse-makeup-bag-skull-a-palooza,"""Venomina"" Eclipse Makeup Bag SKULL-A-PALOOZA",Eclipse Makeup Bag SKULL-A-PALOOZA,"hide-search, recomatic-no",Material,Premium Vegan Leather,14.95,39.95
bloodraven-wallet-skull-a-palooza,"""Bloodraven"" Wallet SKULL-A-PALOOZA",Wallet SKULL-A-PALOOZA,"hide-search, recomatic-no",Material,Premium Faux Leather,12.95,49.95
gravebloom-wallet-skull-a-palooza,"""Gravebloom"" Wallet SKULL-A-PALOOZA",Wallet SKULL-A-PALOOZA,"hide-search, recomatic-no",Material,Premium Faux Leather,12.95,49.95
moonreaver-wallet-skull-a-palooza,"""Moonreaver"" Wallet SKULL-A-PALOOZA",Wallet SKULL-A-PALOOZA,"hide-search, recomatic-no",Material,Premium Faux Leather,12.95,49.95
thornfall-wallet-skull-a-palooza,"""Thornfall"" Wallet SKULL-A-PALOOZA",Wallet SKULL-A-PALOOZA,"hide-search, recomatic-no",Material,Premium Faux Leather,13.95,49.95
corvexia-wallet-skull-a-palooza,"""Corvexia"" Wallet SKULL-A-PALOOZA",Wallet SKULL-A-PALOOZA,"hide-search, recomatic-no",Material,Premium Faux Leather,13.95,49.95
hexram-wallet-skull-a-palooza,"""Hexram"" Wallet SKULL-A-PALOOZA",Wallet SKULL-A-PALOOZA,"hide-search, recomatic-no",Material,Premium Faux Leather,13.95,49.95
rosethorn-wallet-skull-a-palooza,"""Rosethorn"" Wallet SKULL-A-PALOOZA",Wallet SKULL-A-PALOOZA,"hide-search, recomatic-no",Material,Premium Faux Leather,13.95,49.95
grimcrown-wallet-skull-a-palooza,"""Grimcrown"" Wallet SKULL-A-PALOOZA",Wallet SKULL-A-PALOOZA,"hide-search, recomatic-no",Material,Premium Faux Leather,13.95,49.95
triskelion-wallet-skull-a-palooza,"""Triskelion"" Wallet SKULL-A-PALOOZA",Wallet SKULL-A-PALOOZA,"hide-search, recomatic-no",Material,Premium Faux Leather,13.95,49.95
nightrosary-wallet-skull-a-palooza,"""Nightrosary"" Wallet SKULL-A-PALOOZA",Wallet SKULL-A-PALOOZA,"hide-search, recomatic-no",Material,Premium Faux Leather,13.95,49.95
altarhorn-wallet-skull-a-palooza,"""Altarhorn"" Wallet SKULL-A-PALOOZA",Wallet SKULL-A-PALOOZA,"hide-search, recomatic-no",Material,Premium Faux Leather,13.95,49.95
heliovoid-mini-wallet-skull-a-palooza,"""Heliovoid"" Mini Wallet SKULL-A-PALOOZA",Mini Wallet SKULL-A-PALOOZA,"hide-search, recomatic-no",Material,Premium Vegan Leather,13.95,39.95
blacklitany-wallet-skull-a-palooza,"""Blacklitany"" Wallet SKULL-A-PALOOZA",Wallet SKULL-A-PALOOZA,"hide-search, recomatic-no",Material,Premium Faux Leather,13.95,49.95
bloodraven-mini-wallet-skull-a-palooza,"""Bloodraven"" Mini Wallet SKULL-A-PALOOZA",Mini Wallet SKULL-A-PALOOZA,"hide-search, recomatic-no",Material,Premium Vegan Leather,13.95,39.95
moonreaver-mini-wallet-skull-a-palooza,"""Moonreaver"" Mini Wallet SKULL-A-PALOOZA",Mini Wallet SKULL-A-PALOOZA,"hide-search, recomatic-no",Material,Premium Vegan Leather,12.95,39.95
gravebloom-mini-wallet-skull-a-palooza,"""Gravebloom"" Mini Wallet SKULL-A-PALOOZA",Mini Wallet SKULL-A-PALOOZA,"hide-search, recomatic-no",Material,Premium Vegan Leather,12.95,39.95
corvexia-mini-wallet-skull-a-palooza,"""Corvexia"" Mini Wallet SKULL-A-PALOOZA",Mini Wallet SKULL-A-PALOOZA,"hide-search, recomatic-no",Material,Premium Vegan Leather,12.95,39.95
thornfall-mini-wallet-skull-a-palooza,"""Thornfall"" Mini Wallet SKULL-A-PALOOZA",Mini Wallet SKULL-A-PALOOZA,"hide-search, recomatic-no",Material,Premium Vegan Leather,12.95,39.95
rosethorn-mini-wallet-skull-a-palooza,"""Rosethorn"" Mini Wallet SKULL-A-PALOOZA",Mini Wallet SKULL-A-PALOOZA,"hide-search, recomatic-no",Material,Premium Vegan Leather,12.95,39.95
hexram-mini-wallet-skull-a-palooza,"""Hexram"" Mini Wallet SKULL-A-PALOOZA",Mini Wallet SKULL-A-PALOOZA,"hide-search, recomatic-no",Material,Premium Vegan Leather,14.95,39.95
triskelion-mini-wallet-skull-a-palooza,"""Triskelion"" Mini Wallet SKULL-A-PALOOZA",Mini Wallet SKULL-A-PALOOZA,"hide-search, recomatic-no",Material,Premium Vegan Leather,14.95,39.95
grimcrown-mini-wallet-skull-a-palooza,"""Grimcrown"" Mini Wallet SKULL-A-PALOOZA",Mini Wallet SKULL-A-PALOOZA,"hide-search, recomatic-no",Material,Premium Vegan Leather,14.95,39.95
altarhorn-mini-wallet-skull-a-palooza,"""Altarhorn"" Mini Wallet SKULL-A-PALOOZA",Mini Wallet SKULL-A-PALOOZA,"hide-search, recomatic-no",Material,Premium Vegan Leather,14.95,39.95
nightrosary-mini-wallet-skull-a-palooza,"""Nightrosary"" Mini Wallet SKULL-A-PALOOZA",Mini Wallet SKULL-A-PALOOZA,"hide-search, recomatic-no",Material,Premium Vegan Leather,14.95,39.95
blacklitany-mini-wallet-skull-a-palooza,"""Blacklitany"" Mini Wallet SKULL-A-PALOOZA",Mini Wallet SKULL-A-PALOOZA,"hide-search, recomatic-no",Material,Premium Vegan Leather,14.95,39.95
obscuria-small-leather-bag-skull-a-palooza,"""Obscuria"" Small Leather Bag SKULL-A-PALOOZA",Small Leather Handbag SKULL-A-PALOOZA,"hide-search, recomatic-no",Material,Premium Faux Leather,9.95,131.95
purple-skull-scarlet-bloom-small-leather-bag-skull-a-palooza,"""Bloodrose"" Poison Plum Small Leather Bag SKULL-A-PALOOZA",Small Leather Handbag SKULL-A-PALOOZA,"hide-search, recomatic-no",Material,Premium Faux Leather,29.95,131.95
morthwing-black-interior-small-leather-handbag-skull-a-palooza,"""Morthwing"" - Black Interior - Small Leather Handbag SKULL-A-PALOOZA",Black Interior - Small Leather Handbag SKULL-A-PALOOZA,"hide-search, recomatic-no",Material,Premium Vegan Leather,9.95,131.95
altarhorn-black-interior-small-leather-handbag-skull-a-palooza,"""Altarhorn"" - Black Interior - Small Leather Handbag SKULL-A-PALOOZA",Black Interior - Small Leather Handbag SKULL-A-PALOOZA,"hide-search, recomatic-no",Material,Premium Vegan Leather,29.95,131.95
triskelion-black-interior-small-leather-handbag-skull-a-palooza,"""Triskelion"" - Black Interior - Small Leather Handbag SKULL-A-PALOOZA",Black Interior - Small Leather Handbag SKULL-A-PALOOZA,"hide-search, recomatic-no",Material,Premium Vegan Leather,29.95,131.95
noctaflora-small-leather-bag-skull-a-palooza,"""Noctaflora"" Small Leather Bag SKULL-A-PALOOZA",Small Leather Handbag SKULL-A-PALOOZA,"hide-search, recomatic-no",Material,Premium Faux Leather,29.95,131.95
hexram-black-interior-small-leather-handbag-skull-a-palooza,"""Hexram"" - Black Interior - Small Leather Handbag SKULL-A-PALOOZA",Black Interior - Small Leather Handbag SKULL-A-PALOOZA,"hide-search, recomatic-no",Material,Premium Vegan Leather,29.95,131.95
wraithbone-black-interior-small-leather-handbag-skull-a-palooza,"""Wraithbone"" - Black Interior - Small Leather Handbag SKULL-A-PALOOZA",Black Interior - Small Leather Handbag SKULL-A-PALOOZA,"hide-search, recomatic-no",Material,Premium Vegan Leather,29.95,131.95
la-roja-small-leather-bag-skull-a-palooza,"""La Roja"" Small Leather Bag SKULL-A-PALOOZA",Small Leather Handbag SKULL-A-PALOOZA,"hide-search, recomatic-no",Material,Premium Faux Leather,29.95,131.95
noxaria-black-interior-small-leather-handbag-skull-a-palooza,"""Noxaria"" - Black Interior - Small Leather Handbag SKULL-A-PALOOZA",Black Interior - Small Leather Handbag SKULL-A-PALOOZA,"hide-search, recomatic-no",Material,Premium Vegan Leather,35.95,131.95
roselace-small-leather-bag-skull-a-palooza,"""Roselace"" Small Leather Bag SKULL-A-PALOOZA",Small Leather Handbag SKULL-A-PALOOZA,"hide-search, recomatic-no",Material,Premium Faux Leather,29.95,131.95
frostmourne-small-leather-bag-skull-a-palooza,"""Frostmourne"" Small Leather Bag SKULL-A-PALOOZA",Small Leather Handbag SKULL-A-PALOOZA,"hide-search, recomatic-no",Material,Premium Faux Leather,33.95,131.95
catrinelle-small-leather-bag-skull-a-palooza,"""Catrinelle"" Small Leather Bag SKULL-A-PALOOZA",Small Leather Handbag SKULL-A-PALOOZA,"hide-search, recomatic-no",Material,Premium Faux Leather,29.95,131.95
venomina-black-interior-small-leather-handbag-skull-a-palooza,"""Venomina"" - Black Interior - Small Leather Handbag SKULL-A-PALOOZA",Black Interior - Small Leather Handbag SKULL-A-PALOOZA,"hide-search, recomatic-no",Material,Premium Vegan Leather,31.95,131.95
deathmark-small-leather-bag-skull-a-palooza,"""Deathmark"" Small Leather Bag SKULL-A-PALOOZA",Small Leather Handbag SKULL-A-PALOOZA,"hide-search, recomatic-no",Material,Premium Faux Leather,29.95,131.95
bloodrose-small-leather-bag-skull-a-palooza,"""Bloodrose"" Small Leather Bag SKULL-A-PALOOZA",Small Leather Handbag SKULL-A-PALOOZA,"hide-search, recomatic-no",Material,Premium Faux Leather,39.95,131.95
